province;red;green;blue;x;x
1;223;162;34;Province0001;x
2;175;203;36;Province0002;x
3;207;122;35;Province0003;x
4;205;189;46;Province0004;x
5;185;194;61;Province0005;x
6;195;180;18;Province0006;x
7;211;142;41;Province0007;x
8;179;197;22;Province0008;x
9;209;118;27;Province0009;x
10;179;150;47;Province0010;x
11;194;190;19;Province0011;x
12;210;155;52;Province0012;x
13;228;141;3;Province0013;x
14;178;161;66;Province0014;x
15;206;125;26;Province0015;x
16;191;199;44;Province0016;x
17;214;123;212;Province0017;x
18;234;78;170;Province0018;x
19;189;175;27;Province0019;x
20;213;204;75;Province0020;x
21;248;132;14;Province0021;x
22;211;141;27;Province0022;x
23;227;74;216;Province0023;x
24;183;191;60;Province0024;x
25;195;200;62;Province0025;x
26;225;115;217;Province0026;x
27;236;109;47;Province0027;x
28;221;157;31;Province0028;x
29;206;104;49;Province0029;x
30;222;145;46;Province0030;x
31;200;169;33;Province0031;x
32;251;105;51;Province0032;x
33;183;80;224;Province0033;x
34;237;146;29;Province0034;x
35;219;119;16;Province0035;x
36;227;149;14;Province0036;x
37;222;172;66;Province0037;x
38;255;140;20;Province0038;x
39;186;95;205;Province0039;x
40;242;97;37;Province0040;x
41;61;184;215;Province0041;x
42;66;175;185;Province0042;x
43;213;134;31;Province0043;x
44;207;99;167;Province0044;x
45;232;105;13;Province0045;x
46;215;120;28;Province0046;x
47;246;108;30;Province0047;x
48;216;140;32;Province0048;x
49;104;174;179;Province0049;x
50;229;114;187;Province0050;x
51;198;127;38;Province0051;x
52;220;116;6;Province0052;x
53;103;193;181;Province0053;x
54;251;108;63;Province0054;x
55;205;144;52;Province0055;x
56;183;109;203;Province0056;x
57;86;190;193;Province0057;x
58;90;154;207;Province0058;x
59;237;153;1;Province0059;x
60;196;129;221;Province0060;x
61;201;149;56;Province0061;x
62;61;201;185;Province0062;x
63;119;188;213;Province0063;x
64;216;148;9;Province0064;x
65;109;155;205;Province0065;x
66;219;145;34;Province0066;x
67;235;155;23;Province0067;x
68;210;111;182;Province0068;x
69;175;173;40;Province0069;x
70;63;191;191;Province0070;x
71;178;199;66;Province0071;x
72;101;204;211;Province0072;x
73;118;185;210;Province0073;x
74;243;127;10;Province0074;x
75;161;164;47;Province0075;x
76;126;143;77;Province0076;x
77;89;165;181;Province0077;x
78;190;195;70;Province0078;x
79;227;145;11;Province0079;x
80;176;75;189;Province0080;x
81;84;191;185;Province0081;x
82;162;158;28;Province0082;x
83;113;149;74;Province0083;x
84;160;156;82;Province0084;x
85;173;182;96;Province0085;x
86;100;101;52;Province0086;x
87;246;101;48;Province0087;x
88;196;184;27;Province0088;x
89;217;133;16;Province0089;x
90;139;99;72;Province0090;x
91;214;181;93;Province0091;x
92;174;170;65;Province0092;x
93;244;141;30;Province0093;x
94;182;198;86;Province0094;x
95;175;113;201;Province0095;x
96;211;183;65;Province0096;x
97;92;129;47;Province0097;x
98;170;150;51;Province0098;x
99;202;158;39;Province0099;x
100;180;143;38;Province0100;x
101;175;163;87;Province0101;x
102;156;150;46;Province0102;x
103;193;173;62;Province0103;x
104;167;201;90;Province0104;x
105;222;99;6;Province0105;x
106;215;175;65;Province0106;x
107;202;104;185;Province0107;x
108;131;139;41;Province0108;x
109;164;178;63;Province0109;x
110;197;156;101;Province0110;x
111;165;150;57;Province0111;x
112;200;165;62;Province0112;x
113;198;175;73;Province0113;x
114;174;157;66;Province0114;x
115;201;162;46;Province0115;x
116;182;89;218;Province0116;x
117;96;95;64;Province0117;x
118;194;149;52;Province0118;x
119;178;200;41;Province0119;x
120;117;179;166;Province0120;x
121;186;186;30;Province0121;x
122;86;180;151;Province0122;x
123;69;131;178;Province0123;x
124;186;154;42;Province0124;x
125;97;136;190;Province0125;x
126;120;116;199;Province0126;x
127;165;181;83;Province0127;x
128;162;160;34;Province0128;x
129;142;121;79;Province0129;x
130;193;111;197;Province0130;x
131;178;72;201;Province0131;x
132;206;158;92;Province0132;x
133;106;138;196;Province0133;x
134;204;204;67;Province0134;x
135;192;204;82;Province0135;x
136;177;190;57;Province0136;x
137;169;185;76;Province0137;x
138;219;94;183;Province0138;x
139;214;198;89;Province0139;x
140;101;111;214;Province0140;x
141;94;133;203;Province0141;x
142;190;172;73;Province0142;x
143;234;96;224;Province0143;x
144;106;145;196;Province0144;x
145;181;213;39;Province0145;x
146;108;178;194;Province0146;x
147;115;136;41;Province0147;x
148;189;162;69;Province0148;x
149;207;167;58;Province0149;x
150;94;146;190;Province0150;x
151;81;200;131;Province0151;x
152;72;198;133;Province0152;x
153;149;130;45;Province0153;x
154;207;177;94;Province0154;x
155;120;135;190;Province0155;x
156;210;155;58;Province0156;x
157;202;128;170;Province0157;x
158;216;197;97;Province0158;x
159;65;113;207;Province0159;x
160;114;136;44;Province0160;x
161;157;139;19;Province0161;x
162;94;165;137;Province0162;x
163;176;140;63;Province0163;x
164;66;202;131;Province0164;x
165;154;170;39;Province0165;x
166;200;164;48;Province0166;x
167;78;130;202;Province0167;x
168;80;136;144;Province0168;x
169;77;172;117;Province0169;x
170;108;196;162;Province0170;x
171;62;125;195;Province0171;x
172;101;157;192;Province0172;x
173;196;134;69;Province0173;x
174;99;177;147;Province0174;x
175;167;202;41;Province0175;x
176;215;154;87;Province0176;x
177;145;151;70;Province0177;x
178;184;162;32;Province0178;x
179;215;193;47;Province0179;x
180;91;111;99;Province0180;x
181;146;145;30;Province0181;x
182;160;130;53;Province0182;x
183;77;191;171;Province0183;x
184;129;89;75;Province0184;x
185;200;169;83;Province0185;x
186;99;204;160;Province0186;x
187;215;198;77;Province0187;x
188;156;156;43;Province0188;x
189;158;184;48;Province0189;x
190;81;165;163;Province0190;x
191;139;148;72;Province0191;x
192;104;167;121;Province0192;x
193;60;163;118;Province0193;x
194;97;153;195;Province0194;x
195;132;104;26;Province0195;x
196;97;144;173;Province0196;x
197;108;166;192;Province0197;x
198;178;182;72;Province0198;x
199;252;97;17;Province0199;x
200;134;86;38;Province0200;x
201;180;176;76;Province0201;x
202;156;207;77;Province0202;x
203;182;184;16;Province0203;x
204;237;101;15;Province0204;x
205;172;159;45;Province0205;x
206;130;113;67;Province0206;x
207;203;118;59;Province0207;x
208;116;204;124;Province0208;x
209;100;88;81;Province0209;x
210;149;188;58;Province0210;x
211;150;147;90;Province0211;x
212;103;136;63;Province0212;x
213;75;204;125;Province0213;x
214;80;156;72;Province0214;x
215;115;140;186;Province0215;x
216;185;190;62;Province0216;x
217;104;181;156;Province0217;x
218;151;155;57;Province0218;x
219;216;86;187;Province0219;x
220;108;85;50;Province0220;x
221;101;156;148;Province0221;x
222;84;155;132;Province0222;x
223;201;145;24;Province0223;x
224;139;204;87;Province0224;x
225;108;88;74;Province0225;x
226;204;179;101;Province0226;x
227;202;158;101;Province0227;x
228;181;167;71;Province0228;x
229;60;143;169;Province0229;x
230;255;136;51;Province0230;x
231;66;198;134;Province0231;x
232;146;117;44;Province0232;x
233;97;206;117;Province0233;x
234;69;79;76;Province0234;x
235;197;158;86;Province0235;x
236;100;102;44;Province0236;x
237;78;183;25;Province0237;x
238;158;108;73;Province0238;x
239;86;70;108;Province0239;x
240;104;104;63;Province0240;x
241;101;139;39;Province0241;x
242;116;190;178;Province0242;x
243;121;179;159;Province0243;x
244;24;180;24;Province0244;x
245;101;169;77;Province0245;x
246;105;117;100;Province0246;x
247;236;116;4;Province0247;x
248;68;112;55;Province0248;x
249;228;142;9;Province0249;x
250;151;167;112;Province0250;x
251;196;204;101;Province0251;x
252;77;68;39;Province0252;x
253;72;152;163;Province0253;x
254;113;214;147;Province0254;x
255;105;74;51;Province0255;x
256;192;211;76;Province0256;x
257;97;118;155;Province0257;x
258;91;64;139;Province0258;x
259;100;135;48;Province0259;x
260;71;128;88;Province0260;x
261;25;200;55;Province0261;x
262;113;127;33;Province0262;x
263;129;116;40;Province0263;x
264;89;113;41;Province0264;x
265;118;73;43;Province0265;x
266;216;116;216;Province0266;x
267;126;167;84;Province0267;x
268;115;102;119;Province0268;x
269;98;163;117;Province0269;x
270;97;94;76;Province0270;x
271;29;154;27;Province0271;x
272;235;154;38;Province0272;x
273;68;204;138;Province0273;x
274;112;83;76;Province0274;x
275;158;162;82;Province0275;x
276;112;153;158;Province0276;x
277;75;156;190;Province0277;x
278;124;69;37;Province0278;x
279;112;112;67;Province0279;x
280;39;174;45;Province0280;x
281;92;115;83;Province0281;x
282;159;167;59;Province0282;x
283;87;107;69;Province0283;x
284;83;113;157;Province0284;x
285;113;107;71;Province0285;x
286;72;94;156;Province0286;x
287;158;116;162;Province0287;x
288;147;102;57;Province0288;x
289;213;112;198;Province0289;x
290;122;73;45;Province0290;x
291;131;206;92;Province0291;x
292;89;110;48;Province0292;x
293;99;89;73;Province0293;x
294;149;207;121;Province0294;x
295;85;174;148;Province0295;x
296;146;120;51;Province0296;x
297;82;125;178;Province0297;x
298;135;138;134;Province0298;x
299;69;69;72;Province0299;x
300;119;117;138;Province0300;x
301;114;80;124;Province0301;x
302;193;184;35;Province0302;x
303;145;108;69;Province0303;x
304;139;157;67;Province0304;x
305;128;154;104;Province0305;x
306;70;97;158;Province0306;x
307;186;132;201;Province0307;x
308;208;131;196;Province0308;x
309;72;69;40;Province0309;x
310;60;173;180;Province0310;x
311;98;214;138;Province0311;x
312;224;198;51;Province0312;x
313;245;154;7;Province0313;x
314;114;209;102;Province0314;x
315;144;89;81;Province0315;x
316;133;89;75;Province0316;x
317;148;178;113;Province0317;x
318;112;96;35;Province0318;x
319;94;121;74;Province0319;x
320;130;158;103;Province0320;x
321;101;183;85;Province0321;x
322;104;153;110;Province0322;x
323;64;80;97;Province0323;x
324;225;123;17;Province0324;x
325;70;79;117;Province0325;x
326;153;99;22;Province0326;x
327;93;95;75;Province0327;x
328;91;86;129;Province0328;x
329;158;87;169;Province0329;x
330;89;108;87;Province0330;x
331;156;114;145;Province0331;x
332;149;165;93;Province0332;x
333;112;183;110;Province0333;x
334;92;121;163;Province0334;x
335;100;118;54;Province0335;x
336;81;174;174;Province0336;x
337;75;99;70;Province0337;x
338;216;183;25;Province0338;x
339;116;74;105;Province0339;x
340;124;172;67;Province0340;x
341;138;91;66;Province0341;x
342;109;176;117;Province0342;x
343;118;112;115;Province0343;x
344;155;121;148;Province0344;x
345;143;130;53;Province0345;x
346;113;129;64;Province0346;x
347;89;80;158;Province0347;x
348;82;163;111;Province0348;x
349;151;120;33;Province0349;x
350;248;120;40;Province0350;x
351;82;59;113;Province0351;x
352;163;88;158;Province0352;x
353;84;89;56;Province0353;x
354;215;130;18;Province0354;x
355;198;132;49;Province0355;x
356;192;127;151;Province0356;x
357;85;112;160;Province0357;x
358;141;103;77;Province0358;x
359;113;199;64;Province0359;x
360;101;133;151;Province0360;x
361;148;132;69;Province0361;x
362;120;174;104;Province0362;x
363;97;128;83;Province0363;x
364;138;200;82;Province0364;x
365;100;159;86;Province0365;x
366;219;151;31;Province0366;x
367;100;121;98;Province0367;x
368;130;90;82;Province0368;x
369;113;199;103;Province0369;x
370;159;111;151;Province0370;x
371;130;116;106;Province0371;x
372;88;70;136;Province0372;x
373;137;105;28;Province0373;x
374;76;120;96;Province0374;x
375;202;176;73;Province0375;x
376;89;112;69;Province0376;x
377;118;90;74;Province0377;x
378;122;96;20;Province0378;x
379;234;150;26;Province0379;x
380;110;135;159;Province0380;x
381;77;91;87;Province0381;x
382;108;195;62;Province0382;x
383;101;126;53;Province0383;x
384;216;200;63;Province0384;x
385;113;117;40;Province0385;x
386;146;103;82;Province0386;x
387;128;85;53;Province0387;x
388;214;107;168;Province0388;x
389;200;152;39;Province0389;x
390;96;162;79;Province0390;x
391;132;137;115;Province0391;x
392;127;176;63;Province0392;x
393;209;62;169;Province0393;x
394;140;207;67;Province0394;x
395;131;170;141;Province0395;x
396;196;96;166;Province0396;x
397;218;98;32;Province0397;x
398;134;194;112;Province0398;x
399;76;101;49;Province0399;x
400;151;85;76;Province0400;x
401;59;116;116;Province0401;x
402;121;100;100;Province0402;x
403;121;137;213;Province0403;x
404;241;144;60;Province0404;x
405;106;88;74;Province0405;x
406;221;202;70;Province0406;x
407;102;106;155;Province0407;x
408;158;76;56;Province0408;x
409;87;137;211;Province0409;x
410;119;122;45;Province0410;x
411;122;116;70;Province0411;x
412;74;73;99;Province0412;x
413;102;169;73;Province0413;x
414;142;165;109;Province0414;x
415;108;157;85;Province0415;x
416;110;98;40;Province0416;x
417;112;154;85;Province0417;x
418;108;153;70;Province0418;x
419;145;187;86;Province0419;x
420;111;69;40;Province0420;x
421;199;123;9;Province0421;x
422;98;104;144;Province0422;x
423;176;116;197;Province0423;x
424;165;137;151;Province0424;x
425;146;119;23;Province0425;x
426;236;148;60;Province0426;x
427;116;74;149;Province0427;x
428;107;110;95;Province0428;x
429;94;132;94;Province0429;x
430;205;124;207;Province0430;x
431;154;86;71;Province0431;x
432;184;159;173;Province0432;x
433;243;100;57;Province0433;x
434;205;130;16;Province0434;x
435;103;157;109;Province0435;x
436;130;80;50;Province0436;x
437;114;85;84;Province0437;x
438;239;154;49;Province0438;x
439;132;198;88;Province0439;x
440;90;159;97;Province0440;x
441;89;134;213;Province0441;x
442;254;146;37;Province0442;x
443;205;142;0;Province0443;x
444;161;96;160;Province0444;x
445;233;151;207;Province0445;x
446;74;86;45;Province0446;x
447;207;143;7;Province0447;x
448;235;114;53;Province0448;x
449;146;171;74;Province0449;x
450;255;108;13;Province0450;x
451;147;151;87;Province0451;x
452;107;147;88;Province0452;x
453;212;123;181;Province0453;x
454;95;93;223;Province0454;x
455;161;122;194;Province0455;x
456;162;63;175;Province0456;x
457;200;95;155;Province0457;x
458;99;136;219;Province0458;x
459;161;124;200;Province0459;x
460;228;143;15;Province0460;x
461;108;122;89;Province0461;x
462;175;116;157;Province0462;x
463;82;123;67;Province0463;x
464;246;138;24;Province0464;x
465;111;164;81;Province0465;x
466;214;131;10;Province0466;x
467;185;112;203;Province0467;x
468;240;109;36;Province0468;x
469;186;161;65;Province0469;x
470;137;147;92;Province0470;x
471;159;110;156;Province0471;x
472;228;211;50;Province0472;x
473;157;79;201;Province0473;x
474;205;142;200;Province0474;x
475;125;123;72;Province0475;x
476;239;119;24;Province0476;x
477;206;192;45;Province0477;x
478;125;86;202;Province0478;x
479;214;115;206;Province0479;x
480;174;128;165;Province0480;x
481;190;89;192;Province0481;x
482;186;134;175;Province0482;x
483;205;157;19;Province0483;x
484;142;136;66;Province0484;x
485;165;125;132;Province0485;x
486;89;105;219;Province0486;x
487;106;141;75;Province0487;x
488;108;157;42;Province0488;x
489;225;130;155;Province0489;x
490;141;154;62;Province0490;x
491;209;193;22;Province0491;x
492;102;109;57;Province0492;x
493;240;123;50;Province0493;x
494;138;154;43;Province0494;x
495;160;146;182;Province0495;x
496;190;102;182;Province0496;x
497;206;133;178;Province0497;x
498;126;91;222;Province0498;x
499;160;76;185;Province0499;x
500;220;204;71;Province0500;x
501;198;168;36;Province0501;x
502;232;146;7;Province0502;x
503;181;162;155;Province0503;x
504;210;196;44;Province0504;x
505;120;156;48;Province0505;x
506;191;130;139;Province0506;x
507;124;161;29;Province0507;x
508;108;153;69;Province0508;x
509;195;128;39;Province0509;x
510;187;174;41;Province0510;x
511;184;149;132;Province0511;x
512;146;168;77;Province0512;x
513;225;152;215;Province0513;x
514;184;115;216;Province0514;x
515;171;69;188;Province0515;x
516;156;163;49;Province0516;x
517;115;126;78;Province0517;x
518;93;150;56;Province0518;x
519;214;177;61;Province0519;x
520;208;114;173;Province0520;x
521;217;201;21;Province0521;x
522;113;156;57;Province0522;x
523;205;163;160;Province0523;x
524;194;146;43;Province0524;x
525;191;160;180;Province0525;x
526;205;151;188;Province0526;x
527;220;128;8;Province0527;x
528;119;108;37;Province0528;x
529;68;74;70;Province0529;x
530;195;157;139;Province0530;x
531;123;115;45;Province0531;x
532;31;157;81;Province0532;x
533;182;183;48;Province0533;x
534;126;86;72;Province0534;x
535;218;106;25;Province0535;x
536;135;146;72;Province0536;x
537;189;150;155;Province0537;x
538;206;156;43;Province0538;x
539;78;204;75;Province0539;x
540;197;131;207;Province0540;x
541;214;124;173;Province0541;x
542;142;127;82;Province0542;x
543;122;124;54;Province0543;x
544;178;188;21;Province0544;x
545;238;122;47;Province0545;x
546;139;106;55;Province0546;x
547;202;108;195;Province0547;x
548;184;151;196;Province0548;x
549;194;179;48;Province0549;x
550;211;134;57;Province0550;x
551;103;120;56;Province0551;x
552;234;126;213;Province0552;x
553;183;183;68;Province0553;x
554;243;150;28;Province0554;x
555;112;118;77;Province0555;x
556;197;140;3;Province0556;x
557;208;127;38;Province0557;x
558;216;119;203;Province0558;x
559;118;135;40;Province0559;x
560;198;148;28;Province0560;x
561;179;132;175;Province0561;x
562;40;173;46;Province0562;x
563;233;154;19;Province0563;x
564;198;191;44;Province0564;x
565;221;181;75;Province0565;x
566;135;144;69;Province0566;x
567;187;137;166;Province0567;x
568;213;145;190;Province0568;x
569;175;181;40;Province0569;x
570;126;156;46;Province0570;x
571;204;114;13;Province0571;x
572;118;85;75;Province0572;x
573;185;206;49;Province0573;x
574;212;121;158;Province0574;x
575;126;80;51;Province0575;x
576;222;145;50;Province0576;x
577;142;163;49;Province0577;x
578;176;124;188;Province0578;x
579;111;121;40;Province0579;x
580;84;114;91;Province0580;x
581;230;103;22;Province0581;x
582;149;153;64;Province0582;x
583;220;174;17;Province0583;x
584;187;216;80;Province0584;x
585;179;175;55;Province0585;x
586;201;201;96;Province0586;x
587;169;170;72;Province0587;x
588;206;146;51;Province0588;x
589;204;102;36;Province0589;x
590;208;156;48;Province0590;x
591;220;125;6;Province0591;x
592;189;157;25;Province0592;x
593;186;189;74;Province0593;x
594;212;123;159;Province0594;x
595;184;190;38;Province0595;x
596;169;169;153;Province0596;x
597;44;169;59;Province0597;x
598;232;212;31;Province0598;x
599;80;99;91;Province0599;x
600;196;165;213;Province0600;x
601;153;117;30;Province0601;x
602;162;136;62;Province0602;x
603;106;101;81;Province0603;x
604;224;183;57;Province0604;x
605;215;156;31;Province0605;x
606;120;140;154;Province0606;x
607;182;163;216;Province0607;x
608;179;170;59;Province0608;x
609;177;176;144;Province0609;x
610;240;198;61;Province0610;x
611;154;187;98;Province0611;x
612;154;165;80;Province0612;x
613;211;134;35;Province0613;x
614;126;144;130;Province0614;x
615;159;117;104;Province0615;x
616;117;81;43;Province0616;x
617;209;127;25;Province0617;x
618;128;125;140;Province0618;x
619;105;126;94;Province0619;x
620;197;161;65;Province0620;x
621;160;159;93;Province0621;x
622;99;134;90;Province0622;x
623;249;147;45;Province0623;x
624;218;174;30;Province0624;x
625;139;81;91;Province0625;x
626;157;171;140;Province0626;x
627;98;123;62;Province0627;x
628;77;158;35;Province0628;x
629;205;187;32;Province0629;x
630;208;124;169;Province0630;x
631;245;158;35;Province0631;x
632;240;186;78;Province0632;x
633;155;136;144;Province0633;x
634;69;113;69;Province0634;x
635;119;88;61;Province0635;x
636;197;138;15;Province0636;x
637;227;166;213;Province0637;x
638;214;170;74;Province0638;x
639;125;157;63;Province0639;x
640;195;216;63;Province0640;x
641;170;139;100;Province0641;x
642;245;107;40;Province0642;x
643;108;167;54;Province0643;x
644;109;105;120;Province0644;x
645;129;105;63;Province0645;x
646;133;126;152;Province0646;x
647;114;95;100;Province0647;x
648;245;157;23;Province0648;x
649;177;193;83;Province0649;x
650;137;162;138;Province0650;x
651;94;81;102;Province0651;x
652;89;73;62;Province0652;x
653;39;150;58;Province0653;x
654;183;219;56;Province0654;x
655;111;120;92;Province0655;x
656;201;194;55;Province0656;x
657;173;160;147;Province0657;x
658;226;212;23;Province0658;x
659;208;134;48;Province0659;x
660;206;205;78;Province0660;x
661;159;197;66;Province0661;x
662;202;98;38;Province0662;x
663;201;176;18;Province0663;x
664;132;122;60;Province0664;x
665;162;120;115;Province0665;x
666;117;117;149;Province0666;x
667;102;87;65;Province0667;x
668;95;137;115;Province0668;x
669;219;125;49;Province0669;x
670;178;154;77;Province0670;x
671;235;147;62;Province0671;x
672;163;170;81;Province0672;x
673;200;208;67;Province0673;x
674;205;202;90;Province0674;x
675;138;128;86;Province0675;x
676;177;143;121;Province0676;x
677;203;179;30;Province0677;x
678;156;166;67;Province0678;x
679;170;198;86;Province0679;x
680;44;195;55;Province0680;x
681;200;97;16;Province0681;x
682;48;186;57;Province0682;x
683;107;117;61;Province0683;x
684;238;122;0;Province0684;x
685;110;79;75;Province0685;x
686;154;162;84;Province0686;x
687;199;182;26;Province0687;x
688;78;126;67;Province0688;x
689;120;132;155;Province0689;x
690;63;163;32;Province0690;x
691;216;195;49;Province0691;x
692;77;84;45;Province0692;x
693;129;124;99;Province0693;x
694;232;161;46;Province0694;x
695;214;170;48;Province0695;x
696;216;176;137;Province0696;x
697;81;77;108;Province0697;x
698;152;107;84;Province0698;x
699;246;150;42;Province0699;x
700;160;192;51;Province0700;x
701;183;152;47;Province0701;x
702;149;108;59;Province0702;x
703;49;197;61;Province0703;x
704;205;201;54;Province0704;x
705;219;182;73;Province0705;x
706;175;156;152;Province0706;x
707;226;178;43;Province0707;x
708;199;209;51;Province0708;x
709;127;122;86;Province0709;x
710;198;147;14;Province0710;x
711;159;216;64;Province0711;x
712;255;144;12;Province0712;x
713;58;168;78;Province0713;x
714;97;79;66;Province0714;x
715;206;132;63;Province0715;x
716;216;211;74;Province0716;x
717;169;174;102;Province0717;x
718;200;185;23;Province0718;x
719;59;181;20;Province0719;x
720;214;181;72;Province0720;x
721;174;186;93;Province0721;x
722;189;191;129;Province0722;x
723;76;161;69;Province0723;x
724;76;170;75;Province0724;x
725;166;157;91;Province0725;x
726;117;110;88;Province0726;x
727;226;200;29;Province0727;x
728;84;116;85;Province0728;x
729;222;150;57;Province0729;x
730;82;99;104;Province0730;x
731;119;129;127;Province0731;x
732;183;147;34;Province0732;x
733;182;148;46;Province0733;x
734;199;198;123;Province0734;x
735;161;214;99;Province0735;x
736;194;128;49;Province0736;x
737;156;159;123;Province0737;x
738;143;136;127;Province0738;x
739;159;193;87;Province0739;x
740;144;120;84;Province0740;x
741;233;143;37;Province0741;x
742;168;180;69;Province0742;x
743;159;174;132;Province0743;x
744;230;149;15;Province0744;x
745;39;189;60;Province0745;x
746;134;137;71;Province0746;x
747;112;167;44;Province0747;x
748;96;129;77;Province0748;x
749;203;126;53;Province0749;x
750;206;148;12;Province0750;x
751;216;198;72;Province0751;x
752;25;155;73;Province0752;x
753;204;190;45;Province0753;x
754;165;170;104;Province0754;x
755;240;145;49;Province0755;x
756;171;155;60;Province0756;x
757;143;142;52;Province0757;x
758;190;152;59;Province0758;x
759;158;107;40;Province0759;x
760;182;175;116;Province0760;x
761;211;176;136;Province0761;x
762;212;183;63;Province0762;x
763;122;130;83;Province0763;x
764;165;166;31;Province0764;x
765;128;62;97;Province0765;x
766;199;109;40;Province0766;x
767;213;177;78;Province0767;x
768;87;139;62;Province0768;x
769;108;160;41;Province0769;x
770;107;137;39;Province0770;x
771;211;147;73;Province0771;x
772;118;65;64;Province0772;x
773;218;125;56;Province0773;x
774;167;155;101;Province0774;x
775;154;110;60;Province0775;x
776;198;106;55;Province0776;x
777;108;55;95;Province0777;x
778;204;137;36;Province0778;x
779;114;81;56;Province0779;x
780;216;130;54;Province0780;x
781;94;86;69;Province0781;x
782;197;169;57;Province0782;x
783;204;162;72;Province0783;x
784;207;153;75;Province0784;x
785;176;185;92;Province0785;x
786;154;175;95;Province0786;x
787;85;76;82;Province0787;x
788;152;150;64;Province0788;x
789;224;135;8;Province0789;x
790;112;163;45;Province0790;x
791;82;48;53;Province0791;x
792;116;168;42;Province0792;x
793;209;101;177;Province0793;x
794;187;188;35;Province0794;x
795;94;94;118;Province0795;x
796;229;119;3;Province0796;x
797;255;115;20;Province0797;x
798;89;92;119;Province0798;x
799;253;148;30;Province0799;x
800;236;115;38;Province0800;x
801;173;92;33;Province0801;x
802;223;169;87;Province0802;x
803;245;192;66;Province0803;x
804;216;165;25;Province0804;x
805;247;153;87;Province0805;x
806;205;128;23;Province0806;x
807;152;61;48;Province0807;x
808;156;117;62;Province0808;x
809;184;111;38;Province0809;x
810;104;126;98;Province0810;x
811;205;138;0;Province0811;x
812;139;59;46;Province0812;x
813;174;79;58;Province0813;x
814;185;92;2;Province0814;x
815;231;197;64;Province0815;x
816;206;217;45;Province0816;x
817;244;215;44;Province0817;x
818;235;176;93;Province0818;x
819;226;120;5;Province0819;x
820;214;135;31;Province0820;x
821;149;112;33;Province0821;x
822;163;121;73;Province0822;x
823;208;184;58;Province0823;x
824;107;115;62;Province0824;x
825;138;73;39;Province0825;x
826;173;74;41;Province0826;x
827;139;21;34;Province0827;x
828;251;159;19;Province0828;x
829;234;167;34;Province0829;x
830;225;148;85;Province0830;x
831;136;77;16;Province0831;x
832;173;93;21;Province0832;x
833;219;196;68;Province0833;x
834;230;195;93;Province0834;x
835;200;161;72;Province0835;x
836;145;60;57;Province0836;x
837;201;179;78;Province0837;x
838;216;145;50;Province0838;x
839;219;177;54;Province0839;x
840;136;120;43;Province0840;x
841;144;12;4;Province0841;x
842;220;144;70;Province0842;x
843;245;184;72;Province0843;x
844;189;76;49;Province0844;x
845;192;82;17;Province0845;x
846;135;116;51;Province0846;x
847;197;162;31;Province0847;x
848;210;181;60;Province0848;x
849;239;173;45;Province0849;x
850;186;198;50;Province0850;x
851;114;54;27;Province0851;x
852;168;100;48;Province0852;x
853;115;33;49;Province0853;x
854;172;60;19;Province0854;x
855;242;166;70;Province0855;x
856;127;23;78;Province0856;x
857;148;78;55;Province0857;x
858;236;185;22;Province0858;x
859;223;209;29;Province0859;x
860;226;142;85;Province0860;x
861;131;76;49;Province0861;x
862;235;156;51;Province0862;x
863;199;197;85;Province0863;x
864;246;180;76;Province0864;x
865;196;100;14;Province0865;x
866;198;158;70;Province0866;x
867;227;181;76;Province0867;x
868;203;176;43;Province0868;x
869;211;169;70;Province0869;x
870;149;36;28;Province0870;x
871;200;186;70;Province0871;x
872;118;30;30;Province0872;x
873;182;109;2;Province0873;x
874;155;94;23;Province0874;x
875;97;27;60;Province0875;x
876;192;74;1;Province0876;x
877;158;65;42;Province0877;x
878;206;206;51;Province0878;x
879;112;31;48;Province0879;x
880;115;45;37;Province0880;x
881;211;211;28;Province0881;x
882;207;175;36;Province0882;x
883;121;21;52;Province0883;x
884;116;58;40;Province0884;x
885;132;9;13;Province0885;x
886;138;16;50;Province0886;x
887;147;32;67;Province0887;x
888;144;29;36;Province0888;x
889;115;62;30;Province0889;x
890;152;21;50;Province0890;x
891;121;17;20;Province0891;x
892;211;77;75;Province0892;x
893;119;38;61;Province0893;x
894;175;79;64;Province0894;x
895;148;16;38;Province0895;x
896;115;42;44;Province0896;x
897;163;204;52;Province0897;x
898;93;26;16;Province0898;x
899;137;61;35;Province0899;x
900;113;18;15;Province0900;x
901;136;44;23;Province0901;x
902;210;157;98;Province0902;x
903;196;197;50;Province0903;x
904;121;32;28;Province0904;x
905;227;211;18;Province0905;x
906;117;24;21;Province0906;x
907;122;59;39;Province0907;x
908;105;64;74;Province0908;x
909;192;145;3;Province0909;x
910;221;202;28;Province0910;x
911;162;86;95;Province0911;x
912;208;177;48;Province0912;x
913;136;62;21;Province0913;x
914;135;18;7;Province0914;x
915;201;126;10;Province0915;x
916;157;32;47;Province0916;x
917;200;215;67;Province0917;x
918;102;62;34;Province0918;x
919;203;61;84;Province0919;x
920;164;114;77;Province0920;x
921;122;33;17;Province0921;x
922;215;95;60;Province0922;x
923;208;165;95;Province0923;x
924;233;197;19;Province0924;x
925;149;30;39;Province0925;x
926;174;70;63;Province0926;x
927;213;129;2;Province0927;x
928;196;119;110;Province0928;x
929;175;165;47;Province0929;x
930;136;32;52;Province0930;x
931;189;118;29;Province0931;x
932;172;133;3;Province0932;x
933;176;158;54;Province0933;x
934;122;68;57;Province0934;x
935;160;85;79;Province0935;x
936;184;92;12;Province0936;x
937;145;86;55;Province0937;x
938;183;168;59;Province0938;x
939;168;125;55;Province0939;x
940;141;57;35;Province0940;x
941;191;67;117;Province0941;x
942;174;93;103;Province0942;x
943;192;207;52;Province0943;x
944;230;155;51;Province0944;x
945;221;218;54;Province0945;x
946;210;151;9;Province0946;x
947;214;187;61;Province0947;x
948;210;158;33;Province0948;x
949;169;73;99;Province0949;x
950;219;208;31;Province0950;x
951;181;157;46;Province0951;x
952;111;75;74;Province0952;x
953;202;160;25;Province0953;x
954;144;62;2;Province0954;x
955;179;77;109;Province0955;x
956;196;62;106;Province0956;x
957;208;215;75;Province0957;x
958;187;124;14;Province0958;x
959;156;133;40;Province0959;x
960;212;175;101;Province0960;x
961;177;126;51;Province0961;x
962;169;113;57;Province0962;x
963;159;210;99;Province0963;x
964;170;97;62;Province0964;x
965;169;159;34;Province0965;x
966;208;201;66;Province0966;x
967;197;85;53;Province0967;x
968;164;120;111;Province0968;x
969;212;46;47;Province0969;x
970;201;154;3;Province0970;x
971;250;107;33;Province0971;x
972;225;196;44;Province0972;x
973;201;94;7;Province0973;x
974;139;58;20;Province0974;x
975;173;162;46;Province0975;x
976;221;51;52;Province0976;x
977;175;81;38;Province0977;x
978;193;95;29;Province0978;x
979;214;191;76;Province0979;x
980;212;75;81;Province0980;x
981;213;186;51;Province0981;x
982;221;49;19;Province0982;x
983;219;159;37;Province0983;x
984;214;81;16;Province0984;x
985;188;132;15;Province0985;x
986;194;184;55;Province0986;x
987;242;57;28;Province0987;x
988;191;69;98;Province0988;x
989;210;172;60;Province0989;x
990;249;45;45;Province0990;x
991;176;66;89;Province0991;x
992;153;41;70;Province0992;x
993;224;177;70;Province0993;x
994;226;121;6;Province0994;x
995;192;190;80;Province0995;x
996;161;198;46;Province0996;x
997;188;142;8;Province0997;x
998;238;101;53;Province0998;x
999;210;43;52;Province0999;x
1000;118;57;63;Province1000;x
1001;211;106;5;Province1001;x
1002;104;36;69;Province1002;x
1003;246;90;38;Province1003;x
1004;205;115;101;Province1004;x
1005;221;98;30;Province1005;x
1006;180;216;94;Province1006;x
1007;188;167;96;Province1007;x
1008;213;160;62;Province1008;x
1009;188;169;20;Province1009;x
1010;162;176;56;Province1010;x
1011;186;89;105;Province1011;x
1012;141;83;53;Province1012;x
1013;135;39;34;Province1013;x
1014;217;146;38;Province1014;x
1015;255;106;15;Province1015;x
1016;206;83;35;Province1016;x
1017;248;122;40;Province1017;x
1018;238;41;18;Province1018;x
1019;157;195;74;Province1019;x
1020;110;20;26;Province1020;x
1021;248;81;40;Province1021;x
1022;177;63;76;Province1022;x
1023;219;209;62;Province1023;x
1024;97;65;41;Province1024;x
1025;222;125;44;Province1025;x
1026;186;99;114;Province1026;x
1027;175;173;7;Province1027;x
1028;193;171;93;Province1028;x
1029;142;39;68;Province1029;x
1030;202;201;96;Province1030;x
1031;218;80;30;Province1031;x
1032;252;55;46;Province1032;x
1033;214;116;62;Province1033;x
1034;199;90;55;Province1034;x
1035;107;42;74;Province1035;x
1036;159;31;49;Province1036;x
1037;127;50;76;Province1037;x
1038;211;79;31;Province1038;x
1039;163;113;60;Province1039;x
1040;212;190;77;Province1040;x
1041;252;136;33;Province1041;x
1042;126;51;28;Province1042;x
1043;239;111;9;Province1043;x
1044;219;231;185;Province1044;x
1045;212;78;22;Province1045;x
1046;112;79;68;Province1046;x
1047;200;115;108;Province1047;x
1048;217;216;167;Province1048;x
1049;238;135;22;Province1049;x
1050;243;97;13;Province1050;x
1051;125;62;48;Province1051;x
1052;158;168;50;Province1052;x
1053;188;211;143;Province1053;x
1054;198;159;43;Province1054;x
1055;212;68;117;Province1055;x
1056;218;104;22;Province1056;x
1057;213;104;22;Province1057;x
1058;108;73;40;Province1058;x
1059;204;89;31;Province1059;x
1060;175;104;34;Province1060;x
1061;223;222;138;Province1061;x
1062;177;98;62;Province1062;x
1063;154;83;110;Province1063;x
1064;134;64;61;Province1064;x
1065;211;217;177;Province1065;x
1066;138;68;32;Province1066;x
1067;142;41;62;Province1067;x
1068;203;235;169;Province1068;x
1069;216;94;63;Province1069;x
1070;170;96;78;Province1070;x
1071;182;165;59;Province1071;x
1072;192;123;9;Province1072;x
1073;114;29;23;Province1073;x
1074;164;104;17;Province1074;x
1075;227;120;13;Province1075;x
1076;206;195;180;Province1076;x
1077;254;125;42;Province1077;x
1078;197;82;9;Province1078;x
1079;137;52;26;Province1079;x
1080;200;120;42;Province1080;x
1081;132;68;73;Province1081;x
1082;188;109;42;Province1082;x
1083;213;234;138;Province1083;x
1084;163;95;113;Province1084;x
1085;233;187;143;Province1085;x
1086;177;160;59;Province1086;x
1087;165;86;19;Province1087;x
1088;201;235;183;Province1088;x
1089;246;83;1;Province1089;x
1090;181;108;38;Province1090;x
1091;125;83;36;Province1091;x
1092;242;128;61;Province1092;x
1093;170;101;63;Province1093;x
1094;211;73;6;Province1094;x
1095;136;32;56;Province1095;x
1096;136;60;36;Province1096;x
1097;144;95;6;Province1097;x
1098;201;102;18;Province1098;x
1099;201;178;159;Province1099;x
1100;158;67;27;Province1100;x
1101;187;202;185;Province1101;x
1102;163;119;5;Province1102;x
1103;186;80;16;Province1103;x
1104;219;234;176;Province1104;x
1105;109;44;71;Province1105;x
1106;171;67;14;Province1106;x
1107;109;39;38;Province1107;x
1108;177;80;22;Province1108;x
1109;153;57;69;Province1109;x
1110;155;58;31;Province1110;x
1111;184;77;54;Province1111;x
1112;157;41;30;Province1112;x
1113;220;133;11;Province1113;x
1114;217;221;185;Province1114;x
1115;56;43;45;Province1115;x
1116;233;128;58;Province1116;x
1117;108;72;29;Province1117;x
1118;213;124;22;Province1118;x
1119;161;52;68;Province1119;x
1120;162;69;32;Province1120;x
1121;80;96;32;Province1121;x
1122;141;61;38;Province1122;x
1123;204;121;12;Province1123;x
1124;199;106;52;Province1124;x
1125;187;68;61;Province1125;x
1126;181;72;0;Province1126;x
1127;55;59;47;Province1127;x
1128;80;50;76;Province1128;x
1129;155;77;53;Province1129;x
1130;156;70;21;Province1130;x
1131;158;49;71;Province1131;x
1132;185;73;70;Province1132;x
1133;225;98;44;Province1133;x
1134;146;93;65;Province1134;x
1135;132;64;82;Province1135;x
1136;254;102;57;Province1136;x
1137;98;73;47;Province1137;x
1138;101;63;69;Province1138;x
1139;150;100;54;Province1139;x
1140;182;70;82;Province1140;x
1141;146;99;82;Province1141;x
1142;94;40;26;Province1142;x
1143;106;64;72;Province1143;x
1144;182;98;62;Province1144;x
1145;138;87;17;Province1145;x
1146;98;21;52;Province1146;x
1147;159;70;60;Province1147;x
1148;155;42;66;Province1148;x
1149;167;91;81;Province1149;x
1150;141;73;47;Province1150;x
1151;82;93;51;Province1151;x
1152;99;21;33;Province1152;x
1153;168;83;81;Province1153;x
1154;242;122;27;Province1154;x
1155;201;110;43;Province1155;x
1156;241;130;15;Province1156;x
1157;188;41;74;Province1157;x
1158;140;25;75;Province1158;x
1159;187;56;50;Province1159;x
1160;155;60;39;Province1160;x
1161;63;59;41;Province1161;x
1162;183;116;4;Province1162;x
1163;151;77;65;Province1163;x
1164;233;139;8;Province1164;x
1165;201;79;31;Province1165;x
1166;207;128;55;Province1166;x
1167;175;111;23;Province1167;x
1168;192;87;81;Province1168;x
1169;51;64;40;Province1169;x
1170;138;90;42;Province1170;x
1171;150;64;48;Province1171;x
1172;233;139;52;Province1172;x
1173;149;52;56;Province1173;x
1174;187;74;48;Province1174;x
1175;133;35;56;Province1175;x
1176;214;61;38;Province1176;x
1177;111;74;43;Province1177;x
1178;247;128;39;Province1178;x
1179;168;62;44;Province1179;x
1180;174;42;62;Province1180;x
1181;199;109;57;Province1181;x
1182;195;116;53;Province1182;x
1183;242;103;35;Province1183;x
1184;237;231;141;Province1184;x
1185;230;130;32;Province1185;x
1186;182;92;59;Province1186;x
1187;145;62;72;Province1187;x
1188;119;68;51;Province1188;x
1189;246;123;48;Province1189;x
1190;195;156;24;Province1190;x
1191;208;65;76;Province1191;x
1192;184;102;68;Province1192;x
1193;210;157;61;Province1193;x
1194;248;126;56;Province1194;x
1195;130;85;57;Province1195;x
1196;234;149;23;Province1196;x
1197;150;26;29;Province1197;x
1198;172;69;44;Province1198;x
1199;113;75;82;Province1199;x
1200;176;99;72;Province1200;x
1201;91;66;44;Province1201;x
1202;191;58;91;Province1202;x
1203;224;108;9;Province1203;x
1204;43;68;20;Province1204;x
1205;163;65;46;Province1205;x
1206;211;100;61;Province1206;x
1207;242;150;13;Province1207;x
1208;114;52;70;Province1208;x
1209;219;212;173;Province1209;x
1210;180;86;39;Province1210;x
1211;169;67;37;Province1211;x
1212;166;82;44;Province1212;x
1213;223;135;57;Province1213;x
1214;159;31;51;Province1214;x
1215;215;132;43;Province1215;x
1216;125;29;63;Province1216;x
1217;226;145;55;Province1217;x
1218;176;103;14;Province1218;x
1219;182;65;81;Province1219;x
1220;167;102;24;Province1220;x
1221;205;135;33;Province1221;x
1222;137;64;81;Province1222;x
1223;162;87;80;Province1223;x
1224;212;223;141;Province1224;x
1225;240;120;51;Province1225;x
1226;248;119;18;Province1226;x
1227;209;120;19;Province1227;x
1228;195;77;65;Province1228;x
1229;40;96;74;Province1229;x
1230;153;59;75;Province1230;x
1231;199;145;32;Province1231;x
1232;210;135;21;Province1232;x
1233;196;83;87;Province1233;x
1234;165;79;57;Province1234;x
1235;241;156;58;Province1235;x
1236;219;128;39;Province1236;x
1237;107;42;36;Province1237;x
1238;185;211;170;Province1238;x
1239;196;99;26;Province1239;x
1240;183;61;32;Province1240;x
1241;125;28;67;Province1241;x
1242;150;110;62;Province1242;x
1243;216;154;50;Province1243;x
1244;43;60;61;Province1244;x
1245;245;150;49;Province1245;x
1246;213;61;23;Province1246;x
1247;145;65;55;Province1247;x
1248;200;74;48;Province1248;x
1249;204;143;3;Province1249;x
1250;215;69;43;Province1250;x
1251;229;108;15;Province1251;x
1252;105;44;78;Province1252;x
1253;239;109;30;Province1253;x
1254;205;120;25;Province1254;x
1255;229;147;10;Province1255;x
1256;197;139;7;Province1256;x
1257;79;73;43;Province1257;x
1258;245;120;14;Province1258;x
1259;163;93;2;Province1259;x
1260;188;81;61;Province1260;x
1261;244;224;147;Province1261;x
1262;125;27;64;Province1262;x
1263;167;83;72;Province1263;x
1264;236;104;32;Province1264;x
1265;208;136;35;Province1265;x
1266;167;103;36;Province1266;x
1267;114;68;56;Province1267;x
1268;83;48;62;Province1268;x
1269;188;104;82;Province1269;x
1270;194;121;0;Province1270;x
1271;194;72;78;Province1271;x
1272;169;81;74;Province1272;x
1273;194;128;57;Province1273;x
1274;252;130;9;Province1274;x
1275;84;57;52;Province1275;x
1276;223;105;18;Province1276;x
1277;232;229;150;Province1277;x
1278;207;155;34;Province1278;x
1279;213;90;82;Province1279;x
1280;96;63;55;Province1280;x
1281;250;156;16;Province1281;x
1282;229;114;37;Province1282;x
1283;161;76;38;Province1283;x
1284;244;179;128;Province1284;x
1285;157;82;66;Province1285;x
1286;100;79;57;Province1286;x
1287;53;44;70;Province1287;x
1288;212;56;86;Province1288;x
1289;218;124;39;Province1289;x
1290;209;138;39;Province1290;x
1291;182;227;146;Province1291;x
1292;199;153;39;Province1292;x
1293;184;76;64;Province1293;x
1294;224;103;28;Province1294;x
1295;57;47;35;Province1295;x
1296;199;88;21;Province1296;x
1297;137;92;32;Province1297;x
1298;98;86;65;Province1298;x
1299;200;41;68;Province1299;x
1300;201;208;175;Province1300;x
1301;199;149;0;Province1301;x
1302;82;43;59;Province1302;x
1303;200;185;185;Province1303;x
1304;194;45;76;Province1304;x
1305;240;210;153;Province1305;x
1306;207;224;148;Province1306;x
1307;255;114;46;Province1307;x
1308;200;123;21;Province1308;x
1309;94;95;22;Province1309;x
1310;240;117;12;Province1310;x
1311;242;145;27;Province1311;x
1312;66;78;61;Province1312;x
1313;172;70;47;Province1313;x
1314;67;52;80;Province1314;x
1315;95;87;80;Province1315;x
1316;42;43;32;Province1316;x
1317;173;51;58;Province1317;x
1318;192;93;56;Province1318;x
1319;169;99;53;Province1319;x
1320;211;179;131;Province1320;x
1321;197;42;66;Province1321;x
1322;208;185;139;Province1322;x
1323;238;210;137;Province1323;x
1324;217;212;159;Province1324;x
1325;163;85;69;Province1325;x
1326;168;190;65;Province1326;x
1327;39;67;80;Province1327;x
1328;139;106;59;Province1328;x
1329;226;174;134;Province1329;x
1330;203;122;19;Province1330;x
1331;69;53;35;Province1331;x
1332;157;210;48;Province1332;x
1333;131;104;52;Province1333;x
1334;134;143;98;Province1334;x
1335;126;174;79;Province1335;x
1336;164;44;31;Province1336;x
1337;191;60;24;Province1337;x
1338;160;57;80;Province1338;x
1339;169;97;43;Province1339;x
1340;212;156;74;Province1340;x
1341;142;142;72;Province1341;x
1342;219;195;135;Province1342;x
1343;230;199;128;Province1343;x
1344;120;138;112;Province1344;x
1345;180;59;24;Province1345;x
1346;197;216;170;Province1346;x
1347;157;196;75;Province1347;x
1348;187;64;81;Province1348;x
1349;147;111;44;Province1349;x
1350;54;43;74;Province1350;x
1351;156;205;68;Province1351;x
1352;174;91;37;Province1352;x
1353;133;145;70;Province1353;x
1354;187;51;77;Province1354;x
1355;217;193;169;Province1355;x
1356;210;218;143;Province1356;x
1357;186;48;22;Province1357;x
1358;40;71;57;Province1358;x
1359;94;167;131;Province1359;x
1360;202;49;47;Province1360;x
1361;154;118;84;Province1361;x
1362;208;61;58;Province1362;x
1363;202;215;70;Province1363;x
1364;184;42;53;Province1364;x
1365;215;51;62;Province1365;x
1366;93;153;117;Province1366;x
1367;211;166;74;Province1367;x
1368;137;94;74;Province1368;x
1369;156;83;76;Province1369;x
1370;126;145;126;Province1370;x
1371;202;42;85;Province1371;x
1372;186;87;45;Province1372;x
1373;148;159;131;Province1373;x
1374;199;188;87;Province1374;x
1375;120;149;114;Province1375;x
1376;184;89;222;Province1376;x
1377;160;178;67;Province1377;x
1378;160;69;60;Province1378;x
1379;204;98;72;Province1379;x
1380;191;43;33;Province1380;x
1381;144;85;46;Province1381;x
1382;235;89;221;Province1382;x
1383;174;85;35;Province1383;x
1384;100;155;131;Province1384;x
1385;159;70;75;Province1385;x
1386;109;161;127;Province1386;x
1387;206;35;77;Province1387;x
1388;200;183;81;Province1388;x
1389;197;208;96;Province1389;x
1390;187;178;77;Province1390;x
1391;105;149;97;Province1391;x
1392;207;205;113;Province1392;x
1393;176;207;121;Province1393;x
1394;175;60;70;Province1394;x
1395;164;167;67;Province1395;x
1396;164;177;112;Province1396;x
1397;217;56;84;Province1397;x
1398;198;70;79;Province1398;x
1399;113;151;76;Province1399;x
1400;144;66;75;Province1400;x
1401;163;188;96;Province1401;x
1402;156;185;114;Province1402;x
1403;160;190;78;Province1403;x
1404;168;87;74;Province1404;x
1405;202;174;105;Province1405;x
1406;172;77;49;Province1406;x
1407;140;153;100;Province1407;x
1408;151;139;89;Province1408;x
1409;195;204;93;Province1409;x
1410;130;139;97;Province1410;x
1411;158;154;121;Province1411;x
1412;155;89;56;Province1412;x
1413;146;99;45;Province1413;x
1414;177;186;60;Province1414;x
1415;215;176;78;Province1415;x
1416;167;188;118;Province1416;x
1417;161;103;41;Province1417;x
1418;178;188;71;Province1418;x
1419;194;172;106;Province1419;x
1420;174;86;24;Province1420;x
1421;181;93;82;Province1421;x
1422;202;203;56;Province1422;x
1423;215;190;59;Province1423;x
1424;209;208;47;Province1424;x
1425;179;204;42;Province1425;x
1426;156;64;25;Province1426;x
1427;185;212;95;Province1427;x
1428;194;208;102;Province1428;x
1429;165;87;91;Province1429;x
1430;174;202;84;Province1430;x
1431;159;64;21;Province1431;x
1432;204;197;61;Province1432;x
1433;131;137;71;Province1433;x
1434;204;206;121;Province1434;x
1435;211;81;63;Province1435;x
1436;210;36;79;Province1436;x
1437;173;166;49;Province1437;x
1438;150;90;40;Province1438;x
1439;202;166;54;Province1439;x
1440;163;205;105;Province1440;x
1441;203;209;75;Province1441;x
1442;172;159;118;Province1442;x
1443;183;176;94;Province1443;x
1444;164;110;43;Province1444;x
1445;195;174;120;Province1445;x
1446;175;91;39;Province1446;x
1447;179;182;43;Province1447;x
1448;105;178;70;Province1448;x
1449;194;195;91;Province1449;x
1450;94;168;119;Province1450;x
1451;216;175;67;Province1451;x
1452;210;190;80;Province1452;x
1453;161;167;97;Province1453;x
1454;112;94;193;Province1454;x
1455;185;162;71;Province1455;x
1456;177;51;81;Province1456;x
1457;175;63;66;Province1457;x
1458;167;55;26;Province1458;x
1459;193;208;54;Province1459;x
1460;165;185;78;Province1460;x
1461;127;108;208;Province1461;x
1462;89;105;242;Province1462;x
1463;140;134;115;Province1463;x
1464;177;211;118;Province1464;x
1465;162;154;109;Province1465;x
1466;101;149;114;Province1466;x
1467;160;41;71;Province1467;x
1468;102;145;78;Province1468;x
1469;183;84;62;Province1469;x
1470;110;102;242;Province1470;x
1471;123;124;229;Province1471;x
1472;165;92;23;Province1472;x
1473;166;205;97;Province1473;x
1474;182;167;98;Province1474;x
1475;94;106;231;Province1475;x
1476;212;196;86;Province1476;x
1477;210;54;66;Province1477;x
1478;97;97;253;Province1478;x
1479;169;188;106;Province1479;x
1480;183;191;86;Province1480;x
1481;105;81;213;Province1481;x
1482;190;154;102;Province1482;x
1483;168;195;90;Province1483;x
1484;133;80;198;Province1484;x
1485;170;165;83;Province1485;x
1486;142;95;73;Province1486;x
1487;204;170;40;Province1487;x
1488;108;92;229;Province1488;x
1489;93;147;72;Province1489;x
1490;123;109;226;Province1490;x
1491;145;156;77;Province1491;x
1492;90;123;237;Province1492;x
1493;135;97;213;Province1493;x
1494;185;187;75;Province1494;x
1495;110;133;255;Province1495;x
1496;97;164;97;Province1496;x
1497;78;99;214;Province1497;x
1498;134;107;23;Province1498;x
1499;102;145;91;Province1499;x
1500;106;86;199;Province1500;x
1501;134;105;215;Province1501;x
1502;189;166;59;Province1502;x
1503;112;94;247;Province1503;x
1504;85;137;242;Province1504;x
1505;186;95;37;Province1505;x
1506;211;51;59;Province1506;x
1507;134;85;218;Province1507;x
1508;121;131;230;Province1508;x
1509;165;64;49;Province1509;x
1510;131;176;124;Province1510;x
1511;113;89;244;Province1511;x
1512;83;89;211;Province1512;x
1513;207;161;69;Province1513;x
1514;102;119;83;Province1514;x
1515;148;161;77;Province1515;x
1516;80;128;246;Province1516;x
1517;96;124;221;Province1517;x
1518;119;119;217;Province1518;x
1519;92;137;200;Province1519;x
1520;118;123;226;Province1520;x
1521;111;95;242;Province1521;x
1522;121;121;70;Province1522;x
1523;178;212;65;Province1523;x
1524;119;108;195;Province1524;x
1525;109;116;198;Province1525;x
1526;204;164;79;Province1526;x
1527;137;120;80;Province1527;x
1528;192;191;75;Province1528;x
1529;135;115;199;Province1529;x
1530;178;95;37;Province1530;x
1531;113;127;251;Province1531;x
1532;134;150;103;Province1532;x
1533;105;133;87;Province1533;x
1534;86;102;254;Province1534;x
1535;96;111;241;Province1535;x
1536;94;114;233;Province1536;x
1537;205;161;80;Province1537;x
1538;137;127;97;Province1538;x
1539;111;118;222;Province1539;x
1540;173;181;110;Province1540;x
1541;111;87;224;Province1541;x
1542;80;98;215;Province1542;x
1543;135;111;239;Province1543;x
1544;94;124;207;Province1544;x
1545;194;194;59;Province1545;x
1546;200;52;87;Province1546;x
1547;112;179;120;Province1547;x
1548;113;158;127;Province1548;x
1549;208;207;81;Province1549;x
1550;88;131;210;Province1550;x
1551;111;146;98;Province1551;x
1552;176;154;65;Province1552;x
1553;170;48;95;Province1553;x
1554;120;109;209;Province1554;x
1555;83;89;212;Province1555;x
1556;126;90;213;Province1556;x
1557;122;102;218;Province1557;x
1558;143;156;113;Province1558;x
1559;127;132;120;Province1559;x
1560;127;109;192;Province1560;x
1561;88;120;255;Province1561;x
1562;190;171;91;Province1562;x
1563;126;92;241;Province1563;x
1564;173;164;69;Province1564;x
1565;117;159;118;Province1565;x
1566;161;35;75;Province1566;x
1567;79;117;245;Province1567;x
1568;126;164;120;Province1568;x
1569;110;100;249;Province1569;x
1570;201;162;79;Province1570;x
1571;140;125;232;Province1571;x
1572;194;57;39;Province1572;x
1573;124;122;209;Province1573;x
1574;124;115;209;Province1574;x
1575;93;93;198;Province1575;x
1576;136;119;230;Province1576;x
1577;82;102;234;Province1577;x
1578;206;45;74;Province1578;x
1579;130;126;118;Province1579;x
1580;120;126;208;Province1580;x
1581;200;187;101;Province1581;x
1582;106;140;120;Province1582;x
1583;105;125;220;Province1583;x
1584;79;112;251;Province1584;x
1585;116;118;227;Province1585;x
1586;197;184;86;Province1586;x
1587;185;176;85;Province1587;x
1588;95;123;90;Province1588;x
1589;133;121;235;Province1589;x
1590;103;88;216;Province1590;x
1591;95;129;221;Province1591;x
1592;183;204;77;Province1592;x
1593;186;182;66;Province1593;x
1594;125;114;248;Province1594;x
1595;109;136;249;Province1595;x
1596;139;93;208;Province1596;x
1597;127;133;221;Province1597;x
1598;111;138;244;Province1598;x
1599;139;105;213;Province1599;x
1600;117;94;243;Province1600;x
1601;202;131;208;Province1601;x
1602;108;122;239;Province1602;x
1603;126;102;224;Province1603;x
1604;55;47;182;;x
1605;11;55;138;;x
1606;23;59;153;;x
1607;4;95;190;;x
1608;45;25;209;;x
1609;54;97;244;;x
1610;22;82;128;;x
1611;55;75;236;;x
1612;54;30;163;;x
1613;11;13;162;;x
1614;63;85;209;;x
1615;32;52;164;;x
1616;18;117;208;;x
1617;31;62;146;;x
1618;61;2;237;;x
1619;62;120;154;;x
1620;25;110;204;;x
1621;1;88;230;;x
1622;54;39;154;;x
1623;17;49;236;;x
1624;16;58;152;;x
1625;62;40;232;;x
1626;56;89;178;;x
1627;16;121;206;;x
1628;12;24;147;;x
1629;1;107;130;;x
1630;30;21;241;;x
1631;54;81;195;;x
1632;2;34;184;;x
1633;63;8;171;;x
1634;48;49;132;;x
1635;37;125;151;;x
1636;42;43;147;;x
1637;46;42;136;;x
1638;22;77;138;;x
1639;55;81;225;;x
1640;60;38;152;;x
1641;59;28;250;;x
1642;22;2;150;;x
1643;33;21;193;;x
1644;9;103;228;;x
1645;35;103;227;;x
1646;23;11;136;;x
1647;61;59;169;;x
1648;42;39;131;;x
1649;14;95;180;;x
1650;39;96;223;;x
1651;24;40;161;;x
1652;52;63;137;;x
1653;23;71;182;;x
1654;16;38;182;;x
1655;50;38;139;;x
1656;5;14;249;;x
1657;6;23;225;;x
1658;2;52;215;;x
1659;40;121;169;;x
1660;28;75;172;;x
1661;42;117;207;;x
